{"cameraMode":{"drawMode":0,"name":"Shaded","section":"Shading Mode"},"sceneLighting":true,"audioPlay":false,"sceneViewState":{"showFog":true,"showMaterialUpdate":false,"showSkybox":true,"showFlares":true,"showImageEffects":true,"showParticleSystems":true},"in2DMode":false,"pivot":{"x":0.4370855987071991,"y":1.3710861206054688,"z":3.3552308082580568},"rotation":{"x":-0.005235406570136547,"y":-0.9607523083686829,"z":0.27678850293159487,"w":-0.018148399889469148},"size":4.445171356201172,"orthographic":false}